Built,n,prop
3.5.0,261,0.8969072164948454
3.5.1,4,0.013745704467353952
3.5.2,26,0.08934707903780069
